{
  "project_info": {
    "project_number": "355242573491",
    "firebase_url": "https://samplejamie-8d8a6.firebaseio.com",
    "project_id": "samplejamie-8d8a6",
    "storage_bucket": "samplejamie-8d8a6.appspot.com"
  },
  "client": [
    {
      "client_info": {
        "mobilesdk_app_id": "1:355242573491:android:76a3ba03144a1a36",
        "android_client_info": {
          "package_name": "com.sample.jamie"
        }
      },
      "oauth_client": [
        {
          "client_id": "355242573491-r390mmnr60un5chp6a3uadkueptjrdf4.apps.googleusercontent.com",
          "client_type": 3
        }
      ],
      "api_key": [
        {
          "current_key": "AIzaSyCxbO6NWONqenYoj3P0iAcHmwGUItgxU30"
        }
      ],
      "services": {
        "analytics_service": {
          "status": 1
        },
        "appinvite_service": {
          "status": 1,
          "other_platform_oauth_client": []
        },
        "ads_service": {
          "status": 2
        }
      }
    }
  ],
  "configuration_version": "1"
}