<?xml version="1.0" encoding="utf-8"?>
<restaurant xmlns:xsd="http://www.w3.org/2001/XMLSchema" xmlns:xsi="http://www.w3.org/2001/XMLSchema-instance" id="9509" name="Jamba Juice Union Square South" storename="Jamba Juice" telephone="15555555555" streetaddress="4 Union Square South" city="New York" zip="10003" state="NY" country="US" latitude="40.734735" longitude="-73.9913804" logourl="http://http://maxcdn.olostaging.com//logos/1157.png" canpickup="true" minimumpickup="0.0000" taxrate="8.8750" allowtips="false" leadhours="0" showspecialinstructions="true" allowasap="false" supportsonlineordering="true" utcoffset="-4" extref="0668">
  <billingdetails>
    <billingmethods>
      <billingmethod>Credit Card</billingmethod>
    </billingmethods>
    <cardsaccepted>
      <cardtype>American Express</cardtype>
      <cardtype>Discover</cardtype>
      <cardtype>MasterCard</cardtype>
      <cardtype>Visa</cardtype>
    </cardsaccepted>
  </billingdetails>
  <hours>
    <period type="pickup" day="Wednesday" from="08:15" to="21:30" />
    <period type="pickup" day="Thursday" from="08:15" to="21:30" />
    <period type="pickup" day="Friday" from="08:15" to="21:30" />
    <period type="pickup" day="Saturday" from="09:15" to="21:30" />
    <period type="pickup" day="Sunday" from="09:15" to="20:30" />
    <period type="pickup" day="Monday" from="08:15" to="21:30" />
    <period type="pickup" day="Tuesday" from="08:15" to="21:30" />
  </hours>
  <menu>
    <categories>
      <category id="11398" name="creamy treat smoothies" description="with frozen yogurt and/or sherbet (contains milk and/or soy)">
        <products>
          <product id="769575" chainproductid="107418" name="ORANGE DREAM MACHINE® " description="nonfat frozen yogurt • soymilk • orange sherbet • ice &#xD;&#xA;cals: 350 • 470 • 590&#xD;&#xA;protein: 8g • 10g • 12g&#xD;&#xA;(Contains: soy, milk)" cost="5.0000" extref="">
            <modifiers>
              <optiongroup id="8599319" description="Select Size:" mandatory="true" supportschoicequantities="false">
                <options>
                  <option id="54622095" name="Small" isdefault="false" cost="0.0000">
                    <modifiers>
                      <optiongroup id="8599321" description="Small" mandatory="true" supportschoicequantities="false">
                        <options>
                          <option id="54622101" name="Small" isdefault="true" cost="0.0000" />
                        </options>
                      </optiongroup>
                    </modifiers>
                  </option>
                  <option id="54622096" name="Medium" isdefault="false" cost="0.0000">
                    <modifiers>
                      <optiongroup id="8599322" description="Medium" mandatory="true" supportschoicequantities="false">
                        <options>
                          <option id="54622102" name="Medium" isdefault="true" cost="0.0000" />
                        </options>
                      </optiongroup>
                    </modifiers>
                  </option>
                  <option id="54622097" name="Large" isdefault="false" cost="0.0000">
                    <modifiers>
                      <optiongroup id="8599323" description="Large" mandatory="true" supportschoicequantities="false">
                        <options>
                          <option id="54622103" name="Large" isdefault="true" cost="0.0000" />
                        </options>
                      </optiongroup>
                    </modifiers>
                  </option>
                </options>
              </optiongroup>
              <optiongroup id="8599320" description="Add Whole Food Boost?" mandatory="false" supportschoicequantities="false">
                <options>
                  <option id="54622098" name="Chia" isdefault="false" cost="0.0000" />
                  <option id="54622099" name="Greek Yogurt" isdefault="false" cost="0.0000" />
                  <option id="54622100" name="Kale" isdefault="false" cost="0.0000" />
                </options>
              </optiongroup>
              <optiongroup id="8599318" description="Add Boosts?" mandatory="false" supportschoicequantities="false">
                <options>
                  <option id="54622088" name="3G Energy™ with Green Caffeine" isdefault="false" cost="0.0000" />
                  <option id="54622089" name="Antioxidant" isdefault="false" cost="0.0000" />
                  <option id="54622090" name="Zinc + Antioxidant" isdefault="false" cost="0.0000" />
                  <option id="54622091" name="Daily Vitamin" isdefault="false" cost="0.0000" />
                  <option id="54622092" name="Lean Advantage™" isdefault="false" cost="0.0000" />
                  <option id="54622093" name="Soy Protein" isdefault="false" cost="0.0000" />
                  <option id="54622094" name="Whey Protein" isdefault="false" cost="0.0000" />
                </options>
              </optiongroup>
            </modifiers>
          </product>
          <product id="769604" chainproductid="107419" name="MATCHA GREEN TEA BLAST® " description="soymilk • nonfat frozen yogurt • matcha green tea • ice &#xD;&#xA;cals: 300 • 440 • 540&#xD;&#xA;protein: 10g • 14g • 17g" cost="10.0000" extref="">
            <modifiers>
              <optiongroup id="8599325" description="Select Size:" mandatory="true" supportschoicequantities="false">
                <options>
                  <option id="54622111" name="Small" isdefault="false" cost="0.0000">
                    <modifiers>
                      <optiongroup id="8599327" description="Small" mandatory="true" supportschoicequantities="false">
                        <options>
                          <option id="54622117" name="Small" isdefault="true" cost="0.0000" />
                        </options>
                      </optiongroup>
                    </modifiers>
                  </option>
                  <option id="54622112" name="Medium" isdefault="false" cost="0.0000">
                    <modifiers>
                      <optiongroup id="8599328" description="Medium" mandatory="true" supportschoicequantities="false">
                        <options>
                          <option id="54622118" name="Medium" isdefault="true" cost="0.0000" />
                        </options>
                      </optiongroup>
                    </modifiers>
                  </option>
                  <option id="54622113" name="Large" isdefault="false" cost="0.0000">
                    <modifiers>
                      <optiongroup id="8599329" description="Large" mandatory="true" supportschoicequantities="false">
                        <options>
                          <option id="54622119" name="Large" isdefault="true" cost="0.0000" />
                        </options>
                      </optiongroup>
                    </modifiers>
                  </option>
                </options>
              </optiongroup>
              <optiongroup id="8599326" description="Add Whole Food Boost?" mandatory="false" supportschoicequantities="false">
                <options>
                  <option id="54622114" name="Chia" isdefault="false" cost="0.0000" />
                  <option id="54622115" name="Greek Yogurt" isdefault="false" cost="0.0000" />
                  <option id="54622116" name="Kale" isdefault="false" cost="0.0000" />
                </options>
              </optiongroup>
              <optiongroup id="8599324" description="Add Boosts?" mandatory="false" supportschoicequantities="false">
                <options>
                  <option id="54622104" name="3G Energy™ with Green Caffeine" isdefault="false" cost="0.0000" />
                  <option id="54622105" name="Antioxidant" isdefault="false" cost="0.0000" />
                  <option id="54622106" name="Zinc + Antioxidant" isdefault="false" cost="0.0000" />
                  <option id="54622107" name="Daily Vitamin" isdefault="false" cost="0.0000" />
                  <option id="54622108" name="Lean Advantage™" isdefault="false" cost="0.0000" />
                  <option id="54622109" name="Soy Protein" isdefault="false" cost="0.0000" />
                  <option id="54622110" name="Whey Protein" isdefault="false" cost="0.0000" />
                </options>
              </optiongroup>
            </modifiers>
          </product>
          <product id="769662" chainproductid="107421" name="CHOCOLATE MOO'D® " description="nonfat frozen yogurt •chocolate moo’d® • ice &#xD;&#xA;cals: 430 • 570 &#xD;&#xA;protein: 11g • 15g&#xD;&#xA;(Contains: milk)" cost="15.0000" extref="">
            <modifiers>
              <optiongroup id="8599331" description="Select Size:" mandatory="true" supportschoicequantities="false">
                <options>
                  <option id="54622127" name="Small" isdefault="false" cost="0.0000">
                    <modifiers>
                      <optiongroup id="8599333" description="Small" mandatory="true" supportschoicequantities="false">
                        <options>
                          <option id="54622133" name="Small" isdefault="true" cost="0.0000" />
                        </options>
                      </optiongroup>
                    </modifiers>
                  </option>
                  <option id="54622128" name="Medium" isdefault="false" cost="0.0000">
                    <modifiers>
                      <optiongroup id="8599334" description="Medium" mandatory="true" supportschoicequantities="false">
                        <options>
                          <option id="54622134" name="Medium" isdefault="true" cost="0.0000" />
                        </options>
                      </optiongroup>
                    </modifiers>
                  </option>
                  <option id="54622129" name="Large" isdefault="false" cost="0.0000">
                    <modifiers>
                      <optiongroup id="8599335" description="Large" mandatory="true" supportschoicequantities="false">
                        <options>
                          <option id="54622135" name="Large" isdefault="true" cost="0.0000" />
                        </options>
                      </optiongroup>
                    </modifiers>
                  </option>
                </options>
              </optiongroup>
              <optiongroup id="8599332" description="Add Whole Food Boost?" mandatory="false" supportschoicequantities="false">
                <options>
                  <option id="54622130" name="Chia" isdefault="false" cost="0.0000" />
                  <option id="54622131" name="Greek Yogurt" isdefault="false" cost="0.0000" />
                  <option id="54622132" name="Kale" isdefault="false" cost="0.0000" />
                </options>
              </optiongroup>
              <optiongroup id="8599330" description="Add Boosts?" mandatory="false" supportschoicequantities="false">
                <options>
                  <option id="54622120" name="3G Energy™ with Green Caffeine" isdefault="false" cost="0.0000" />
                  <option id="54622121" name="Antioxidant" isdefault="false" cost="0.0000" />
                  <option id="54622122" name="Zinc + Antioxidant" isdefault="false" cost="0.0000" />
                  <option id="54622123" name="Daily Vitamin" isdefault="false" cost="0.0000" />
                  <option id="54622124" name="Lean Advantage™" isdefault="false" cost="0.0000" />
                  <option id="54622125" name="Soy Protein" isdefault="false" cost="0.0000" />
                  <option id="54622126" name="Whey Protein" isdefault="false" cost="0.0000" />
                </options>
              </optiongroup>
            </modifiers>
          </product>
        </products>
      </category>
      <category id="11394" name="freshly squeezed juices*" description="fruits and vegetables juiced to order. *Freshly Squeezed Juices are not pasteurized and, therefore, may contain harmful bacteria that can cause serious illness in children, the elderly, and persons with weakened immune systems.">
        <products>
          <product id="843328" chainproductid="107396" name="ORANGE CARROT TWIST™" description="&#xD;&#xA;cals: 130 • 180 • 270 • 310" cost="0.0000" extref="">
            <modifiers>
              <optiongroup id="8599336" description="Select Size:" mandatory="true" supportschoicequantities="false">
                <options>
                  <option id="54622136" name="12 FL OZ" isdefault="false" cost="0.0000" />
                  <option id="54622137" name="16 FL OZ" isdefault="false" cost="0.0000" />
                  <option id="54622138" name="24 FL OZ" isdefault="false" cost="0.0000" />
                  <option id="54622139" name="28 FL OZ" isdefault="false" cost="0.0000" />
                </options>
              </optiongroup>
              <optiongroup id="8599337" description="Add Whole Food Boost?" mandatory="false" supportschoicequantities="false">
                <options>
                  <option id="54622140" name="Chia" isdefault="false" cost="0.0000" />
                  <option id="54622141" name="Greek Yogurt" isdefault="false" cost="0.0000" />
                  <option id="54622142" name="Kale" isdefault="false" cost="0.0000" />
                </options>
              </optiongroup>
              <optiongroup id="8599338" description="Add Boosts?" mandatory="false" supportschoicequantities="false">
                <options>
                  <option id="54622143" name="3G Energy™ with Green Caffeine" isdefault="false" cost="0.0000" />
                  <option id="54622144" name="Antioxidant" isdefault="false" cost="0.0000" />
                  <option id="54622145" name="Zinc + Antioxidant" isdefault="false" cost="0.0000" />
                  <option id="54622146" name="Daily Vitamin" isdefault="false" cost="0.0000" />
                  <option id="54622147" name="Lean Advantage™" isdefault="false" cost="0.0000" />
                  <option id="54622148" name="Soy Protein" isdefault="false" cost="0.0000" />
                  <option id="54622149" name="Whey Protein" isdefault="false" cost="0.0000" />
                </options>
              </optiongroup>
            </modifiers>
          </product>
          <product id="843340" chainproductid="107397" name="TRIPLE REVITALIZER™" description="&#xD;&#xA;fresh orange juice • fresh carrot juice* • bananas &#xD;&#xA;cals: 160 • 210 • 300 • 330" cost="0.0000" extref="">
            <modifiers>
              <optiongroup id="8599339" description="Select Size:" mandatory="true" supportschoicequantities="false">
                <options>
                  <option id="54622150" name="12 FL OZ" isdefault="false" cost="0.0000" />
                  <option id="54622151" name="16 FL OZ" isdefault="false" cost="0.0000" />
                  <option id="54622152" name="24 FL OZ" isdefault="false" cost="0.0000" />
                  <option id="54622153" name="28 FL OZ" isdefault="false" cost="0.0000" />
                </options>
              </optiongroup>
              <optiongroup id="8599340" description="Add Whole Food Boost?" mandatory="false" supportschoicequantities="false">
                <options>
                  <option id="54622154" name="Chia" isdefault="false" cost="0.0000" />
                  <option id="54622155" name="Greek Yogurt" isdefault="false" cost="0.0000" />
                  <option id="54622156" name="Kale" isdefault="false" cost="0.0000" />
                </options>
              </optiongroup>
              <optiongroup id="8599341" description="Add Boosts?" mandatory="false" supportschoicequantities="false">
                <options>
                  <option id="54622157" name="3G Energy™ with Green Caffeine" isdefault="false" cost="0.0000" />
                  <option id="54622158" name="Antioxidant" isdefault="false" cost="0.0000" />
                  <option id="54622159" name="Zinc + Antioxidant" isdefault="false" cost="0.0000" />
                  <option id="54622160" name="Daily Vitamin" isdefault="false" cost="0.0000" />
                  <option id="54622161" name="Lean Advantage™" isdefault="false" cost="0.0000" />
                  <option id="54622162" name="Soy Protein" isdefault="false" cost="0.0000" />
                  <option id="54622163" name="Whey Protein" isdefault="false" cost="0.0000" />
                </options>
              </optiongroup>
            </modifiers>
          </product>
        </products>
      </category>
    </categories>
  </menu>
</restaurant>