<?xml version="1.0" encoding="utf-8"?>
<restaurantlist xmlns:xsd="http://www.w3.org/2001/XMLSchema" xmlns:xsi="http://www.w3.org/2001/XMLSchema-instance">
  <restaurants>
    <restaurant id="8687" lastupdate="2015-04-17T10:35:46" />
    <restaurant id="9491" lastupdate="2015-04-17T10:35:46" />
    <restaurant id="9492" lastupdate="2015-04-17T10:35:46" />
    <restaurant id="9493" lastupdate="2015-04-17T10:35:46" />
    <restaurant id="9494" lastupdate="2015-04-17T10:35:46" />
    <restaurant id="9495" lastupdate="2015-04-17T10:35:46" />
    <restaurant id="9496" lastupdate="2015-04-17T10:35:46" />
    <restaurant id="9497" lastupdate="2015-04-17T10:35:46" />
    <restaurant id="9498" lastupdate="2015-04-17T10:35:46" />
    <restaurant id="9499" lastupdate="2015-04-17T10:35:46" />
    <restaurant id="9500" lastupdate="2015-04-17T10:35:46" />
    <restaurant id="9501" lastupdate="2015-04-17T10:35:46" />
    <restaurant id="9502" lastupdate="2015-04-17T10:35:46" />
    <restaurant id="9503" lastupdate="2015-04-17T10:35:46" />
    <restaurant id="9504" lastupdate="2015-04-17T10:35:46" />
    <restaurant id="9505" lastupdate="2015-04-17T10:35:46" />
    <restaurant id="9509" lastupdate="2015-04-17T10:35:46" />
    <restaurant id="9511" lastupdate="2015-04-17T10:35:46" />
    <restaurant id="9512" lastupdate="2015-04-17T10:35:46" />
    <restaurant id="9513" lastupdate="2015-04-17T10:35:46" />
    <restaurant id="9514" lastupdate="2015-04-17T10:35:46" />
    <restaurant id="9515" lastupdate="2015-04-17T10:35:46" />
    <restaurant id="9516" lastupdate="2015-04-17T10:35:46" />
    <restaurant id="9517" lastupdate="2015-04-17T10:35:46" />
    <restaurant id="9518" lastupdate="2015-04-17T10:35:46" />
  </restaurants>
</restaurantlist>